<?xml version="1.0" encoding="UTF-8"?>
<project version="4">
  <component name="CMakeRunConfigurationManager" shouldGenerate="true" shouldDeleteObsolete="true">
    <generated />
  </component>
  <component name="CMakeSettings">
    <configurations>
      <configuration PROFILE_NAME="Debug" CONFIG_NAME="Debug" />
    </configurations>
  </component>
  <component name="ChangeListManager">
    <list default="true" id="0150b10f-b71f-4a0b-aa3b-ea5a57fe7a53" name="Default Changelist" comment="" />
    <option name="EXCLUDED_CONVERTED_TO_IGNORED" value="true" />
    <option name="SHOW_DIALOG" value="false" />
    <option name="HIGHLIGHT_CONFLICTS" value="true" />
    <option name="HIGHLIGHT_NON_ACTIVE_CHANGELIST" value="false" />
    <option name="LAST_RESOLUTION" value="IGNORE" />
  </component>
  <component name="ClangdSettings">
    <option name="formatViaClangd" value="false" />
  </component>
  <component name="ProjectId" id="1SwWAK1l8zYMbOCjp3p6UZ6KFR3" />
  <component name="PropertiesComponent">
    <property name="WebServerToolWindowFactoryState" value="false" />
    <property name="last_opened_file_path" value="$PROJECT_DIR$" />
  </component>
  <component name="RunDashboard">
    <option name="ruleStates">
      <list>
        <RuleState>
          <option name="name" value="ConfigurationTypeDashboardGroupingRule" />
        </RuleState>
        <RuleState>
          <option name="name" value="StatusDashboardGroupingRule" />
        </RuleState>
      </list>
    </option>
  </component>
  <component name="SvnConfiguration">
    <configuration />
  </component>
  <component name="TaskManager">
    <task active="true" id="Default" summary="Default task">
      <changelist id="0150b10f-b71f-4a0b-aa3b-ea5a57fe7a53" name="Default Changelist" comment="" />
      <created>1572474993504</created>
      <option name="number" value="Default" />
      <option name="presentableId" value="Default" />
      <updated>1572474993504</updated>
      <workItem from="1572474994664" duration="1768000" />
      <workItem from="1572485607576" duration="15000" />
      <workItem from="1572485627201" duration="6000" />
    </task>
    <servers />
  </component>
  <component name="TypeScriptGeneratedFilesManager">
    <option name="version" value="1" />
  </component>
</project>